<step title="Incoming Request" date="2025-11-14T02:21:52.285" instance="fe0b8b" url="/api/zipdeploy" method="POST" type="request" pid="1508,2,10" Content-Length="570483103" Content-Type="application/zip" Authorization="Bea..." Host="cleansheet-functions.scm.azurewebsites.net" If-Match="*" User-Agent="functions-core-tools/4.4.0" X-ARR-LOG-ID="cf958b97-471f-46ef-81ae-500b4fb88f59" CLIENT-IP="216.49.134.87:36251" X-SITE-DEPLOYMENT-ID="cleansheet-functions" WAS-DEFAULT-HOSTNAME="cleansheet-functions.scm.azurewebsites.net" X-Forwarded-Proto="https" X-AppService-Proto="https" X-Forwarded-TlsVersion="1.3" X-WAWS-Unencoded-URL="/api/zipdeploy" >
  <step title="Cleanup Xml Logs" date="2025-11-14T02:21:52.316" /><!-- duration: 62ms -->
  <step title="ZipPushDeploy" date="2025-11-14T02:21:52.504" >
    <step title="Functions App ZipDeploy. Run from package." date="2025-11-14T02:21:52.566" /><!-- duration: 47ms -->
    <step title="Starting PushDeployAsync" date="2025-11-14T02:21:52.644" /><!-- duration: 47ms -->
    <step title="Updating shutdown sentinel last write time" date="2025-11-14T02:21:52.816" SemaphoreCount="7" /><!-- duration: 47ms -->
    <step title="LockFile &apos;C:\home\site\locks\deployments.lock&apos; acquired" date="2025-11-14T02:21:52.894" /><!-- duration: 47ms -->
    <step title="Saving request content to C:\home\data\SitePackages\20251114022152.zip" date="2025-11-14T02:21:53.019" >
      <step title="Writing 78,479,360 bytes to C:\home\data\SitePackages\20251114022152.zip" date="2025-11-14T02:22:23.067" /><!-- duration: 59ms -->
      <step title="Writing 152,453,120 bytes to C:\home\data\SitePackages\20251114022152.zip" date="2025-11-14T02:22:53.188" /><!-- duration: 63ms -->
      <step title="Writing 211,075,072 bytes to C:\home\data\SitePackages\20251114022152.zip" date="2025-11-14T02:23:23.326" /><!-- duration: 63ms -->
      <step title="Writing 299,220,992 bytes to C:\home\data\SitePackages\20251114022152.zip" date="2025-11-14T02:23:53.444" /><!-- duration: 156ms -->
      <step title="Writing 376,569,856 bytes to C:\home\data\SitePackages\20251114022152.zip" date="2025-11-14T02:24:23.660" /><!-- duration: 63ms -->
      <step title="Writing 453,328,896 bytes to C:\home\data\SitePackages\20251114022152.zip" date="2025-11-14T02:24:53.762" /><!-- duration: 63ms -->
    </step><!-- duration: 209102ms -->
    <step title="LockFile &apos;C:\home\site\locks\deployments.lock&apos; released" date="2025-11-14T02:25:22.215" /><!-- duration: 31ms -->
    <step title="Deleting shutdown sentinel file" date="2025-11-14T02:25:22.325" SemaphoreCount="8" /><!-- duration: 47ms -->
  </step><!-- duration: 209899ms -->
  <step title="Error occurred" date="2025-11-14T02:25:22.450" type="error" text="There is not enough space on the disk.
" stackTrace="   at System.IO.__Error.WinIOError(Int32 errorCode, String maybeFullPath)
   at System.IO.FileStream.WriteCore(Byte[] buffer, Int32 offset, Int32 count)
   at System.Web.HttpRawUploadedContent.AddBytes(Byte[] data, Int32 offset, Int32 length)
   at System.Web.HttpBufferlessInputStream.EndRead(IAsyncResult asyncResult)
   at System.Threading.Tasks.TaskFactory`1.FromAsyncTrimPromise`1.Complete(TInstance thisRef, Func`3 endMethod, IAsyncResult asyncResult, Boolean requiresSynchronization)
--- End of stack trace from previous location where exception was thrown ---
   at System.Runtime.ExceptionServices.ExceptionDispatchInfo.Throw()
   at System.Runtime.CompilerServices.TaskAwaiter.HandleNonSuccessAndDebuggerNotification(Task task)
   at System.Web.Http.WebHost.SeekableBufferedRequestStream.&lt;ReadAsync&gt;d__0.MoveNext()
--- End of stack trace from previous location where exception was thrown ---
   at System.Runtime.ExceptionServices.ExceptionDispatchInfo.Throw()
   at Kudu.Services.ByteRanges.HttpRequestMessageExtensions.&lt;CopyToAsync&gt;d__1.MoveNext() in C:\__w\1\s\Kudu.Services\ByteRanges\HttpRequestMessageExtensions.cs:line 55
--- End of stack trace from previous location where exception was thrown ---
   at System.Runtime.ExceptionServices.ExceptionDispatchInfo.Throw()
   at System.Runtime.CompilerServices.TaskAwaiter.HandleNonSuccessAndDebuggerNotification(Task task)
   at Kudu.Services.Deployment.PushDeploymentController.&lt;WriteSitePackageZip&gt;d__25.MoveNext() in C:\__w\1\s\Kudu.Services\Deployment\PushDeploymentController.cs:line 934
--- End of stack trace from previous location where exception was thrown ---
   at System.Runtime.ExceptionServices.ExceptionDispatchInfo.Throw()
   at System.Runtime.CompilerServices.TaskAwaiter.HandleNonSuccessAndDebuggerNotification(Task task)
   at Kudu.Services.Deployment.PushDeploymentController.&lt;&gt;c__DisplayClass16_0.&lt;&lt;PushDeployAsync&gt;b__0&gt;d.MoveNext() in C:\__w\1\s\Kudu.Services\Deployment\PushDeploymentController.cs:line 509
--- End of stack trace from previous location where exception was thrown ---
   at System.Runtime.ExceptionServices.ExceptionDispatchInfo.Throw()
   at System.Runtime.CompilerServices.TaskAwaiter.HandleNonSuccessAndDebuggerNotification(Task task)
   at Kudu.Contracts.Infrastructure.LockExtensions.&lt;LockOperationAsync&gt;d__6.MoveNext()
--- End of stack trace from previous location where exception was thrown ---
   at System.Runtime.ExceptionServices.ExceptionDispatchInfo.Throw()
   at System.Runtime.CompilerServices.TaskAwaiter.HandleNonSuccessAndDebuggerNotification(Task task)
   at Kudu.Services.Infrastructure.LockExtensions.&lt;LockHttpOperationAsync&gt;d__1.MoveNext() in C:\__w\1\s\Kudu.Services\Infrastructure\LockExtensions.cs:line 30
--- End of stack trace from previous location where exception was thrown ---
   at System.Runtime.ExceptionServices.ExceptionDispatchInfo.Throw()
   at System.Runtime.CompilerServices.TaskAwaiter.HandleNonSuccessAndDebuggerNotification(Task task)
   at Kudu.Services.Deployment.PushDeploymentController.&lt;PushDeployAsync&gt;d__16.MoveNext() in C:\__w\1\s\Kudu.Services\Deployment\PushDeploymentController.cs:line 498
--- End of stack trace from previous location where exception was thrown ---
   at System.Runtime.ExceptionServices.ExceptionDispatchInfo.Throw()
   at System.Runtime.CompilerServices.TaskAwaiter.HandleNonSuccessAndDebuggerNotification(Task task)
   at Kudu.Services.Deployment.PushDeploymentController.&lt;ZipPushDeploy&gt;d__12.MoveNext() in C:\__w\1\s\Kudu.Services\Deployment\PushDeploymentController.cs:line 103
--- End of stack trace from previous location where exception was thrown ---
   at System.Runtime.ExceptionServices.ExceptionDispatchInfo.Throw()
   at System.Runtime.CompilerServices.TaskAwaiter.HandleNonSuccessAndDebuggerNotification(Task task)
   at System.Threading.Tasks.TaskHelpersExtensions.&lt;CastToObject&gt;d__3`1.MoveNext()
--- End of stack trace from previous location where exception was thrown ---
   at System.Runtime.ExceptionServices.ExceptionDispatchInfo.Throw()
   at System.Runtime.CompilerServices.TaskAwaiter.HandleNonSuccessAndDebuggerNotification(Task task)
   at System.Web.Http.Controllers.ApiControllerActionInvoker.&lt;InvokeActionAsyncCore&gt;d__0.MoveNext()
--- End of stack trace from previous location where exception was thrown ---
   at System.Runtime.ExceptionServices.ExceptionDispatchInfo.Throw()
   at System.Runtime.CompilerServices.TaskAwaiter.HandleNonSuccessAndDebuggerNotification(Task task)
   at System.Web.Http.Filters.ActionFilterAttribute.&lt;CallOnActionExecutedAsync&gt;d__5.MoveNext()
--- End of stack trace from previous location where exception was thrown ---
   at System.Runtime.ExceptionServices.ExceptionDispatchInfo.Throw()
   at System.Web.Http.Filters.ActionFilterAttribute.&lt;CallOnActionExecutedAsync&gt;d__5.MoveNext()
--- End of stack trace from previous location where exception was thrown ---
   at System.Runtime.ExceptionServices.ExceptionDispatchInfo.Throw()
   at System.Runtime.CompilerServices.TaskAwaiter.HandleNonSuccessAndDebuggerNotification(Task task)
   at System.Web.Http.Filters.ActionFilterAttribute.&lt;ExecuteActionFilterAsyncCore&gt;d__0.MoveNext()
--- End of stack trace from previous location where exception was thrown ---
   at System.Runtime.ExceptionServices.ExceptionDispatchInfo.Throw()
   at System.Runtime.CompilerServices.TaskAwaiter.HandleNonSuccessAndDebuggerNotification(Task task)
   at System.Web.Http.Filters.ActionFilterAttribute.&lt;CallOnActionExecutedAsync&gt;d__5.MoveNext()
--- End of stack trace from previous location where exception was thrown ---
   at System.Runtime.ExceptionServices.ExceptionDispatchInfo.Throw()
   at System.Web.Http.Filters.ActionFilterAttribute.&lt;CallOnActionExecutedAsync&gt;d__5.MoveNext()
--- End of stack trace from previous location where exception was thrown ---
   at System.Runtime.ExceptionServices.ExceptionDispatchInfo.Throw()
   at System.Runtime.CompilerServices.TaskAwaiter.HandleNonSuccessAndDebuggerNotification(Task task)
   at System.Web.Http.Filters.ActionFilterAttribute.&lt;ExecuteActionFilterAsyncCore&gt;d__0.MoveNext()
--- End of stack trace from previous location where exception was thrown ---
   at System.Runtime.ExceptionServices.ExceptionDispatchInfo.Throw()
   at System.Runtime.CompilerServices.TaskAwaiter.HandleNonSuccessAndDebuggerNotification(Task task)
   at System.Web.Http.Controllers.ActionFilterResult.&lt;ExecuteAsync&gt;d__2.MoveNext()
--- End of stack trace from previous location where exception was thrown ---
   at System.Runtime.ExceptionServices.ExceptionDispatchInfo.Throw()
   at System.Runtime.CompilerServices.TaskAwaiter.HandleNonSuccessAndDebuggerNotification(Task task)
   at System.Web.Http.Controllers.ExceptionFilterResult.&lt;ExecuteAsync&gt;d__0.MoveNext()" /><!-- duration: 62ms -->
  <step title="Outgoing response" date="2025-11-14T02:25:22.606" type="response" statusCode="500" statusText="Internal Server Error" Server="Microsoft-IIS/10.0" x-ms-request-id="cf958b97-471f-46ef-81ae-500b4fb88f59" Cache-Control="private" X-AspNet-Version="4.0.30319" Content-Type="application/json; charset=utf-8" /><!-- duration: 47ms -->
</step><!-- duration: 210462ms -->
