<step title="Incoming Request" date="2025-11-14T02:29:13.372" instance="fe0b8b" url="/api/zipdeploy" method="POST" type="request" pid="1508,2,19" Content-Length="570483103" Content-Type="application/zip" Authorization="Bea..." Host="cleansheet-functions.scm.azurewebsites.net" If-Match="*" User-Agent="functions-core-tools/4.4.0" X-ARR-LOG-ID="cfe676db-0448-4669-b736-bd2dcc907eac" CLIENT-IP="216.49.134.87:36558" X-SITE-DEPLOYMENT-ID="cleansheet-functions" WAS-DEFAULT-HOSTNAME="cleansheet-functions.scm.azurewebsites.net" X-Forwarded-Proto="https" X-AppService-Proto="https" X-Forwarded-TlsVersion="1.3" X-WAWS-Unencoded-URL="/api/zipdeploy" >
  <step title="Cleanup Xml Logs" date="2025-11-14T02:29:13.434" /><!-- duration: 62ms -->
  <step title="ZipPushDeploy" date="2025-11-14T02:29:13.575" >
    <step title="Functions App ZipDeploy. Run from package." date="2025-11-14T02:29:13.622" /><!-- duration: 31ms -->
    <step title="Starting PushDeployAsync" date="2025-11-14T02:29:13.700" /><!-- duration: 62ms -->
    <step title="LockFile &apos;C:\home\site\locks\deployments.lock&apos; acquired" date="2025-11-14T02:29:13.856" /><!-- duration: 31ms -->
    <step title="Deleting outdated zip file C:\home\data\SitePackages\20251114020640.zip" date="2025-11-14T02:29:13.981" /><!-- duration: 78ms -->
    <step title="Saving request content to C:\home\data\SitePackages\20251114022913.zip" date="2025-11-14T02:29:14.106" /><!-- duration: 94ms -->
    <step title="LockFile &apos;C:\home\site\locks\deployments.lock&apos; released" date="2025-11-14T02:29:14.247" /><!-- duration: 78ms -->
  </step><!-- duration: 828ms -->
  <step title="Error occurred" date="2025-11-14T02:29:14.434" type="error" text="There is not enough space on the disk.
" stackTrace="   at System.IO.__Error.WinIOError(Int32 errorCode, String maybeFullPath)
   at System.IO.FileStream.Init(String path, FileMode mode, FileAccess access, Int32 rights, Boolean useRights, FileShare share, Int32 bufferSize, FileOptions options, SECURITY_ATTRIBUTES secAttrs, String msgPath, Boolean bFromProxy, Boolean useLongPath, Boolean checkHost)
   at System.IO.FileStream..ctor(String path, FileMode mode, FileAccess access)
   at System.CodeDom.Compiler.TempFileCollection.EnsureTempNameCreated()
   at System.CodeDom.Compiler.TempFileCollection.AddExtension(String fileExtension, Boolean keepFile)
   at System.Web.HttpRawUploadedContent.TempFile..ctor()
   at System.Web.HttpRawUploadedContent.AddBytes(Byte[] data, Int32 offset, Int32 length)
   at System.Web.HttpBufferlessInputStream.EndRead(IAsyncResult asyncResult)
   at System.Threading.Tasks.TaskFactory`1.FromAsyncTrimPromise`1.Complete(TInstance thisRef, Func`3 endMethod, IAsyncResult asyncResult, Boolean requiresSynchronization)
--- End of stack trace from previous location where exception was thrown ---
   at System.Runtime.ExceptionServices.ExceptionDispatchInfo.Throw()
   at System.Runtime.CompilerServices.TaskAwaiter.HandleNonSuccessAndDebuggerNotification(Task task)
   at System.Web.Http.WebHost.SeekableBufferedRequestStream.&lt;ReadAsync&gt;d__0.MoveNext()
--- End of stack trace from previous location where exception was thrown ---
   at System.Runtime.ExceptionServices.ExceptionDispatchInfo.Throw()
   at Kudu.Services.ByteRanges.HttpRequestMessageExtensions.&lt;CopyToAsync&gt;d__1.MoveNext() in C:\__w\1\s\Kudu.Services\ByteRanges\HttpRequestMessageExtensions.cs:line 55
--- End of stack trace from previous location where exception was thrown ---
   at System.Runtime.ExceptionServices.ExceptionDispatchInfo.Throw()
   at System.Runtime.CompilerServices.TaskAwaiter.HandleNonSuccessAndDebuggerNotification(Task task)
   at Kudu.Services.Deployment.PushDeploymentController.&lt;WriteSitePackageZip&gt;d__25.MoveNext() in C:\__w\1\s\Kudu.Services\Deployment\PushDeploymentController.cs:line 934
--- End of stack trace from previous location where exception was thrown ---
   at System.Runtime.ExceptionServices.ExceptionDispatchInfo.Throw()
   at System.Runtime.CompilerServices.TaskAwaiter.HandleNonSuccessAndDebuggerNotification(Task task)
   at Kudu.Services.Deployment.PushDeploymentController.&lt;&gt;c__DisplayClass16_0.&lt;&lt;PushDeployAsync&gt;b__0&gt;d.MoveNext() in C:\__w\1\s\Kudu.Services\Deployment\PushDeploymentController.cs:line 509
--- End of stack trace from previous location where exception was thrown ---
   at System.Runtime.ExceptionServices.ExceptionDispatchInfo.Throw()
   at System.Runtime.CompilerServices.TaskAwaiter.HandleNonSuccessAndDebuggerNotification(Task task)
   at Kudu.Contracts.Infrastructure.LockExtensions.&lt;LockOperationAsync&gt;d__6.MoveNext()
--- End of stack trace from previous location where exception was thrown ---
   at System.Runtime.ExceptionServices.ExceptionDispatchInfo.Throw()
   at System.Runtime.CompilerServices.TaskAwaiter.HandleNonSuccessAndDebuggerNotification(Task task)
   at Kudu.Services.Infrastructure.LockExtensions.&lt;LockHttpOperationAsync&gt;d__1.MoveNext() in C:\__w\1\s\Kudu.Services\Infrastructure\LockExtensions.cs:line 30
--- End of stack trace from previous location where exception was thrown ---
   at System.Runtime.ExceptionServices.ExceptionDispatchInfo.Throw()
   at System.Runtime.CompilerServices.TaskAwaiter.HandleNonSuccessAndDebuggerNotification(Task task)
   at Kudu.Services.Deployment.PushDeploymentController.&lt;PushDeployAsync&gt;d__16.MoveNext() in C:\__w\1\s\Kudu.Services\Deployment\PushDeploymentController.cs:line 498
--- End of stack trace from previous location where exception was thrown ---
   at System.Runtime.ExceptionServices.ExceptionDispatchInfo.Throw()
   at System.Runtime.CompilerServices.TaskAwaiter.HandleNonSuccessAndDebuggerNotification(Task task)
   at Kudu.Services.Deployment.PushDeploymentController.&lt;ZipPushDeploy&gt;d__12.MoveNext() in C:\__w\1\s\Kudu.Services\Deployment\PushDeploymentController.cs:line 103
--- End of stack trace from previous location where exception was thrown ---
   at System.Runtime.ExceptionServices.ExceptionDispatchInfo.Throw()
   at System.Runtime.CompilerServices.TaskAwaiter.HandleNonSuccessAndDebuggerNotification(Task task)
   at System.Threading.Tasks.TaskHelpersExtensions.&lt;CastToObject&gt;d__3`1.MoveNext()
--- End of stack trace from previous location where exception was thrown ---
   at System.Runtime.ExceptionServices.ExceptionDispatchInfo.Throw()
   at System.Runtime.CompilerServices.TaskAwaiter.HandleNonSuccessAndDebuggerNotification(Task task)
   at System.Web.Http.Controllers.ApiControllerActionInvoker.&lt;InvokeActionAsyncCore&gt;d__0.MoveNext()
--- End of stack trace from previous location where exception was thrown ---
   at System.Runtime.ExceptionServices.ExceptionDispatchInfo.Throw()
   at System.Runtime.CompilerServices.TaskAwaiter.HandleNonSuccessAndDebuggerNotification(Task task)
   at System.Web.Http.Filters.ActionFilterAttribute.&lt;CallOnActionExecutedAsync&gt;d__5.MoveNext()
--- End of stack trace from previous location where exception was thrown ---
   at System.Runtime.ExceptionServices.ExceptionDispatchInfo.Throw()
   at System.Web.Http.Filters.ActionFilterAttribute.&lt;CallOnActionExecutedAsync&gt;d__5.MoveNext()
--- End of stack trace from previous location where exception was thrown ---
   at System.Runtime.ExceptionServices.ExceptionDispatchInfo.Throw()
   at System.Runtime.CompilerServices.TaskAwaiter.HandleNonSuccessAndDebuggerNotification(Task task)
   at System.Web.Http.Filters.ActionFilterAttribute.&lt;ExecuteActionFilterAsyncCore&gt;d__0.MoveNext()
--- End of stack trace from previous location where exception was thrown ---
   at System.Runtime.ExceptionServices.ExceptionDispatchInfo.Throw()
   at System.Runtime.CompilerServices.TaskAwaiter.HandleNonSuccessAndDebuggerNotification(Task task)
   at System.Web.Http.Filters.ActionFilterAttribute.&lt;CallOnActionExecutedAsync&gt;d__5.MoveNext()
--- End of stack trace from previous location where exception was thrown ---
   at System.Runtime.ExceptionServices.ExceptionDispatchInfo.Throw()
   at System.Web.Http.Filters.ActionFilterAttribute.&lt;CallOnActionExecutedAsync&gt;d__5.MoveNext()
--- End of stack trace from previous location where exception was thrown ---
   at System.Runtime.ExceptionServices.ExceptionDispatchInfo.Throw()
   at System.Runtime.CompilerServices.TaskAwaiter.HandleNonSuccessAndDebuggerNotification(Task task)
   at System.Web.Http.Filters.ActionFilterAttribute.&lt;ExecuteActionFilterAsyncCore&gt;d__0.MoveNext()
--- End of stack trace from previous location where exception was thrown ---
   at System.Runtime.ExceptionServices.ExceptionDispatchInfo.Throw()
   at System.Runtime.CompilerServices.TaskAwaiter.HandleNonSuccessAndDebuggerNotification(Task task)
   at System.Web.Http.Controllers.ActionFilterResult.&lt;ExecuteAsync&gt;d__2.MoveNext()
--- End of stack trace from previous location where exception was thrown ---
   at System.Runtime.ExceptionServices.ExceptionDispatchInfo.Throw()
   at System.Runtime.CompilerServices.TaskAwaiter.HandleNonSuccessAndDebuggerNotification(Task task)
   at System.Web.Http.Controllers.ExceptionFilterResult.&lt;ExecuteAsync&gt;d__0.MoveNext()" /><!-- duration: 63ms -->
  <step title="Outgoing response" date="2025-11-14T02:29:14.575" type="response" statusCode="500" statusText="Internal Server Error" Server="Microsoft-IIS/10.0" x-ms-request-id="cfe676db-0448-4669-b736-bd2dcc907eac" Cache-Control="private" X-AspNet-Version="4.0.30319" Content-Type="application/json; charset=utf-8" /><!-- duration: 47ms -->
</step><!-- duration: 1328ms -->
