<step title="Incoming Request" date="2025-11-14T11:09:10.469" instance="a3c398" url="/api/zipdeploy" method="POST" type="request" pid="7388,2,8" Content-Length="13835" Content-Type="application/zip" Authorization="Bea..." Host="cleansheet-functions.scm.azurewebsites.net" If-Match="*" User-Agent="functions-core-tools/4.4.0" X-ARR-LOG-ID="5aa64cb6-18d1-4ce4-99c5-a32471b8364e" CLIENT-IP="216.49.134.87:36251" X-SITE-DEPLOYMENT-ID="cleansheet-functions" WAS-DEFAULT-HOSTNAME="cleansheet-functions.scm.azurewebsites.net" X-Forwarded-Proto="https" X-AppService-Proto="https" X-Forwarded-TlsVersion="1.3" X-WAWS-Unencoded-URL="/api/zipdeploy" >
  <step title="ZipPushDeploy" date="2025-11-14T11:09:10.625" >
    <step title="Functions App ZipDeploy. Run from package. Ignore remote build." date="2025-11-14T11:09:10.703" /><!-- duration: 31ms -->
    <step title="Starting PushDeployAsync" date="2025-11-14T11:09:10.797" /><!-- duration: 31ms -->
    <step title="Updating shutdown sentinel last write time" date="2025-11-14T11:09:11.032" SemaphoreCount="7" /><!-- duration: 31ms -->
    <step title="LockFile &apos;C:\home\site\locks\deployments.lock&apos; acquired" date="2025-11-14T11:09:11.110" /><!-- duration: 47ms -->
    <step title="Deleting outdated zip file C:\home\data\SitePackages\20251114022152.zip" date="2025-11-14T11:09:11.301" /><!-- duration: 78ms -->
    <step title="Saving request content to C:\home\data\SitePackages\20251114110910.zip" date="2025-11-14T11:09:11.410" >
      <step title="Total 13,835 bytes written to C:\home\data\SitePackages\20251114110910.zip" date="2025-11-14T11:09:11.504" /><!-- duration: 63ms -->
    </step><!-- duration: 219ms -->
    <step title="LockFile &apos;C:\home\site\locks\deployments.lock&apos; released" date="2025-11-14T11:09:11.707" /><!-- duration: 31ms -->
    <step title="Deleting shutdown sentinel file" date="2025-11-14T11:09:11.817" SemaphoreCount="8" /><!-- duration: 63ms -->
    <step title="Starting FetchDeploy" date="2025-11-14T11:09:11.926" /><!-- duration: 31ms -->
    <step title="Attempting to fetch target branch HEAD" date="2025-11-14T11:09:12.004" /><!-- duration: 51ms -->
    <step title="Updating shutdown sentinel last write time" date="2025-11-14T11:09:12.129" SemaphoreCount="7" /><!-- duration: 47ms -->
    <step title="LockFile &apos;C:\home\site\locks\deployments.lock&apos; acquired" date="2025-11-14T11:09:12.223" /><!-- duration: 47ms -->
    <step title="Performing fetch based deployment" date="2025-11-14T11:09:12.348" >
      <step title="Creating temporary deployment" date="2025-11-14T11:09:12.395" /><!-- duration: 312ms -->
      <step title="Fetching changes." date="2025-11-14T11:09:13.145" /><!-- duration: 47ms -->
      <step title="Starting LocalZipHandler" date="2025-11-14T11:09:13.285" /><!-- duration: 62ms -->
      <step title="Starting ExtractTriggers" date="2025-11-14T11:09:13.410" /><!-- duration: 47ms -->
      <step title="None repository commit" date="2025-11-14T11:09:13.582" >
        <step title="Commit id: 48ee68ba2fa24d9e880f6484372c067d" date="2025-11-14T11:09:13.613" Message="Created via a push deployment" AuthorName="N/A" AuthorEmail="N/A" /><!-- duration: 47ms -->
      </step><!-- duration: 125ms -->
      <step title="Before sending BuildRequestReceived status to /api/updatedeploystatus" date="2025-11-14T11:09:13.754" /><!-- duration: 47ms -->
      <step title="DeploymentManager.Deploy(id:48ee68ba2fa24d9e880f6484372c067d)" date="2025-11-14T11:09:13.848" >
        <step title="Collecting changeset information" date="2025-11-14T11:09:13.942" /><!-- duration: 359ms -->
        <step title="Updating submodules" date="2025-11-14T11:09:14.348" >
          <step title="Updating submodules." date="2025-11-14T11:09:14.738" /><!-- duration: 47ms -->
        </step><!-- duration: 547ms -->
        <step title="Preparing deployment for commit id &apos;48ee68ba2f&apos;." date="2025-11-14T11:09:15.285" /><!-- duration: 47ms -->
        <step title="Determining deployment builder" date="2025-11-14T11:09:15.754" >
          <step title="Builder is RunFromZipSiteBuilder" date="2025-11-14T11:09:15.801" /><!-- duration: 63ms -->
        </step><!-- duration: 141ms -->
        <step title="Copying SSH keys" date="2025-11-14T11:09:16.067" /><!-- duration: 63ms -->
        <step title="Building" date="2025-11-14T11:09:16.176" >
          <step title="Skipping build. Project type: Run-From-Zip" date="2025-11-14T11:09:16.551" /><!-- duration: 47ms -->
          <step title="Skipping post build. Project type: Run-From-Zip" date="2025-11-14T11:09:17.020" /><!-- duration: 63ms -->
          <step title="Triggering recycle (preview mode disabled)." date="2025-11-14T11:09:17.551" /><!-- duration: 47ms -->
          <step title="Ignoring FS watcher based recycle request as this is a classic Windows app." date="2025-11-14T11:09:17.692" /><!-- duration: 47ms -->
          <step title="Deployment successful. DEPLOYMENTINFO: deploymentPath = Functions App ZipDeploy. Run from package. Ignore remote build., deployer = ZipDeploy, os = windows, sku = Dynamic, language = node, siteName = cleansheet-functions, slotName = Production, siteHostName = cleansheet-functions.azurewebsites.net, deploymentStatus = Success" date="2025-11-14T11:09:18.098" /><!-- duration: 47ms -->
        </step><!-- duration: 3016ms -->
      </step><!-- duration: 5406ms -->
      <step title="Cleaning up temp files" date="2025-11-14T11:09:19.285" /><!-- duration: 47ms -->
      <step title="Updating C:\home\data\SitePackages\packagename.txt with deployment 20251114110910.zip" date="2025-11-14T11:09:19.379" /><!-- duration: 125ms -->
      <step title="Begin HttpPost https://cleansheet-functions.scm.azurewebsites.net/operations/settriggers, x-ms-request-id: 5aa64cb6-18d1-4ce4-99c5-a32471b8364e" date="2025-11-14T11:09:19.629" /><!-- duration: 47ms -->
      <step title="End HttpPost, status: OK" date="2025-11-14T11:09:20.239" /><!-- duration: 62ms -->
      <step title="Scheduling background sync triggers after delay" date="2025-11-14T11:09:20.348" /><!-- duration: 47ms -->
    </step><!-- duration: 8438ms -->
    <step title="LockFile &apos;C:\home\site\locks\deployments.lock&apos; released" date="2025-11-14T11:09:20.848" /><!-- duration: 47ms -->
  </step><!-- duration: 10348ms -->
  <step title="Outgoing response" date="2025-11-14T11:09:21.020" type="response" statusCode="200" statusText="OK" Server="Microsoft-IIS/10.0" x-ms-request-id="5aa64cb6-18d1-4ce4-99c5-a32471b8364e" Cache-Control="private" X-AspNet-Version="4.0.30319" /><!-- duration: 47ms -->
</step><!-- duration: 10629ms -->
