<step title="Incoming Request" date="2025-11-14T02:06:40.745" instance="fe0b8b" url="/api/zipdeploy" method="POST" type="request" pid="7452,2,7" Content-Length="13835" Content-Type="application/zip" Authorization="Bea..." Host="cleansheet-functions.scm.azurewebsites.net" If-Match="*" User-Agent="functions-core-tools/4.4.0" X-ARR-LOG-ID="01e45930-2dc6-4de8-bb7c-01efea1fca1e" CLIENT-IP="216.49.134.87:36253" X-SITE-DEPLOYMENT-ID="cleansheet-functions" WAS-DEFAULT-HOSTNAME="cleansheet-functions.scm.azurewebsites.net" X-Forwarded-Proto="https" X-AppService-Proto="https" X-Forwarded-TlsVersion="1.3" X-WAWS-Unencoded-URL="/api/zipdeploy" >
  <step title="ZipPushDeploy" date="2025-11-14T02:06:40.870" >
    <step title="Functions App ZipDeploy. Run from package." date="2025-11-14T02:06:40.932" /><!-- duration: 31ms -->
    <step title="Starting PushDeployAsync" date="2025-11-14T02:06:41.010" /><!-- duration: 48ms -->
    <step title="Updating shutdown sentinel last write time" date="2025-11-14T02:06:41.231" SemaphoreCount="7" /><!-- duration: 31ms -->
    <step title="LockFile &apos;C:\home\site\locks\deployments.lock&apos; acquired" date="2025-11-14T02:06:41.309" /><!-- duration: 31ms -->
    <step title="Saving request content to C:\home\data\SitePackages\20251114020640.zip" date="2025-11-14T02:06:41.418" >
      <step title="Total 13,835 bytes written to C:\home\data\SitePackages\20251114020640.zip" date="2025-11-14T02:06:41.497" /><!-- duration: 47ms -->
    </step><!-- duration: 188ms -->
    <step title="LockFile &apos;C:\home\site\locks\deployments.lock&apos; released" date="2025-11-14T02:06:41.668" /><!-- duration: 47ms -->
    <step title="Deleting shutdown sentinel file" date="2025-11-14T02:06:41.793" SemaphoreCount="8" /><!-- duration: 31ms -->
    <step title="Starting FetchDeploy" date="2025-11-14T02:06:41.872" /><!-- duration: 31ms -->
    <step title="Attempting to fetch target branch HEAD" date="2025-11-14T02:06:41.950" /><!-- duration: 47ms -->
    <step title="Updating shutdown sentinel last write time" date="2025-11-14T02:06:42.059" SemaphoreCount="7" /><!-- duration: 47ms -->
    <step title="LockFile &apos;C:\home\site\locks\deployments.lock&apos; acquired" date="2025-11-14T02:06:42.153" /><!-- duration: 31ms -->
    <step title="Performing fetch based deployment" date="2025-11-14T02:06:42.247" >
      <step title="Creating temporary deployment" date="2025-11-14T02:06:42.293" /><!-- duration: 250ms -->
      <step title="Fetching changes." date="2025-11-14T02:06:42.997" /><!-- duration: 31ms -->
      <step title="Starting LocalZipHandler" date="2025-11-14T02:06:43.122" /><!-- duration: 31ms -->
      <step title="Starting ExtractTriggers" date="2025-11-14T02:06:43.200" /><!-- duration: 48ms -->
      <step title="None repository commit" date="2025-11-14T02:06:43.341" >
        <step title="Commit id: 5e5e55f9d51c4af9aa17e4faca905bbf" date="2025-11-14T02:06:43.388" Message="Created via a push deployment" AuthorName="N/A" AuthorEmail="N/A" /><!-- duration: 31ms -->
      </step><!-- duration: 125ms -->
      <step title="Before sending BuildRequestReceived status to /api/updatedeploystatus" date="2025-11-14T02:06:43.513" /><!-- duration: 31ms -->
      <step title="DeploymentManager.Deploy(id:5e5e55f9d51c4af9aa17e4faca905bbf)" date="2025-11-14T02:06:43.591" >
        <step title="Collecting changeset information" date="2025-11-14T02:06:43.700" /><!-- duration: 297ms -->
        <step title="Updating submodules" date="2025-11-14T02:06:44.044" >
          <step title="Updating submodules." date="2025-11-14T02:06:44.388" /><!-- duration: 47ms -->
        </step><!-- duration: 453ms -->
        <step title="Preparing deployment for commit id &apos;5e5e55f9d5&apos;." date="2025-11-14T02:06:44.872" /><!-- duration: 31ms -->
        <step title="Determining deployment builder" date="2025-11-14T02:06:45.263" >
          <step title="Builder is RunFromZipSiteBuilder" date="2025-11-14T02:06:45.294" /><!-- duration: 47ms -->
        </step><!-- duration: 109ms -->
        <step title="Copying SSH keys" date="2025-11-14T02:06:45.513" /><!-- duration: 63ms -->
        <step title="Building" date="2025-11-14T02:06:45.622" >
          <step title="Skipping build. Project type: Run-From-Zip" date="2025-11-14T02:06:45.982" /><!-- duration: 31ms -->
          <step title="Skipping post build. Project type: Run-From-Zip" date="2025-11-14T02:06:46.424" /><!-- duration: 47ms -->
          <step title="Triggering recycle (preview mode disabled)." date="2025-11-14T02:06:46.861" /><!-- duration: 47ms -->
          <step title="Ignoring FS watcher based recycle request as this is a classic Windows app." date="2025-11-14T02:06:46.986" /><!-- duration: 63ms -->
          <step title="Deployment successful. DEPLOYMENTINFO: deploymentPath = Functions App ZipDeploy. Run from package., deployer = ZipDeploy, os = windows, sku = Dynamic, language = node, siteName = cleansheet-functions, slotName = Production, siteHostName = cleansheet-functions.azurewebsites.net, deploymentStatus = Success" date="2025-11-14T02:06:47.439" /><!-- duration: 47ms -->
        </step><!-- duration: 2848ms -->
      </step><!-- duration: 4926ms -->
      <step title="Cleaning up temp files" date="2025-11-14T02:06:48.564" /><!-- duration: 47ms -->
      <step title="Updating C:\home\data\SitePackages\packagename.txt with deployment 20251114020640.zip" date="2025-11-14T02:06:48.658" /><!-- duration: 78ms -->
      <step title="Begin HttpPost https://cleansheet-functions.scm.azurewebsites.net/operations/settriggers, x-ms-request-id: 01e45930-2dc6-4de8-bb7c-01efea1fca1e" date="2025-11-14T02:06:48.877" /><!-- duration: 47ms -->
      <step title="End HttpPost, status: OK" date="2025-11-14T02:06:49.549" /><!-- duration: 47ms -->
      <step title="Scheduling background sync triggers after delay" date="2025-11-14T02:06:49.642" /><!-- duration: 47ms -->
    </step><!-- duration: 7771ms -->
    <step title="LockFile &apos;C:\home\site\locks\deployments.lock&apos; released" date="2025-11-14T02:06:50.080" /><!-- duration: 47ms -->
  </step><!-- duration: 9320ms -->
  <step title="Outgoing response" date="2025-11-14T02:06:50.236" type="response" statusCode="200" statusText="OK" Server="Microsoft-IIS/10.0" x-ms-request-id="01e45930-2dc6-4de8-bb7c-01efea1fca1e" Cache-Control="private" X-AspNet-Version="4.0.30319" /><!-- duration: 31ms -->
</step><!-- duration: 9570ms -->
