﻿<?xml version="1.0" encoding="utf-8"?>
<deployment>
  <id>48ee68ba2fa24d9e880f6484372c067d</id>
  <author>N/A</author>
  <deployer>ZipDeploy</deployer>
  <authorEmail>N/A</authorEmail>
  <message>Created via a push deployment</message>
  <progress></progress>
  <status>Success</status>
  <statusText></statusText>
  <lastSuccessEndTime>2025-11-14T11:09:18.3639932Z</lastSuccessEndTime>
  <receivedTime>2025-11-14T11:09:14.0983367Z</receivedTime>
  <startTime>2025-11-14T11:09:15.5827364Z</startTime>
  <endTime>2025-11-14T11:09:18.3639932Z</endTime>
  <complete>True</complete>
  <is_temp>False</is_temp>
  <is_readonly>True</is_readonly>
  <project_type>Run-From-Zip</project_type>
  <vsproject_id></vsproject_id>
</deployment>