﻿<?xml version="1.0" encoding="utf-8"?>
<deployment>
  <id>5e5e55f9d51c4af9aa17e4faca905bbf</id>
  <author>N/A</author>
  <deployer>ZipDeploy</deployer>
  <authorEmail>N/A</authorEmail>
  <message>Created via a push deployment</message>
  <progress></progress>
  <status>Success</status>
  <statusText></statusText>
  <lastSuccessEndTime>2025-11-14T02:06:47.7366411Z</lastSuccessEndTime>
  <receivedTime>2025-11-14T02:06:43.8258846Z</receivedTime>
  <startTime>2025-11-14T02:06:45.09152Z</startTime>
  <endTime>2025-11-14T02:06:47.7366411Z</endTime>
  <complete>True</complete>
  <is_temp>False</is_temp>
  <is_readonly>True</is_readonly>
  <project_type>Run-From-Zip</project_type>
  <vsproject_id></vsproject_id>
</deployment>