{"TimeStamp":"2025-11-14T11:09:18Z","SiteName":"cleansheet-functions","RequestId":"5aa64cb6-18d1-4ce4-99c5-a32471b8364e","Kind":"ZipDeploy","Status":"Success","Details":"{\"Id\":\"48ee68ba2fa24d9e880f6484372c067d\",\"Status\":4,\"StatusText\":\"\",\"AuthorEmail\":\"N/A\",\"Author\":\"N/A\",\"Message\":\"Created via a push deployment\",\"Progress\":\"\",\"Deployer\":\"ZipDeploy\",\"ReceivedTime\":\"2025-11-14T11:09:14.0983367Z\",\"StartTime\":\"2025-11-14T11:09:15.5827364Z\",\"EndTime\":\"2025-11-14T11:09:18.3639932Z\",\"LastSuccessEndTime\":\"2025-11-14T11:09:18.3639932Z\",\"Complete\":true,\"IsTemporary\":false,\"IsReadOnly\":true,\"SiteName\":\"cleansheet-functions\",\"HostName\":\"cleansheet-functions.scm.azurewebsites.net\",\"ProjectType\":\"Run-From-Zip\",\"VsProjectId\":null}"}