<Events><Event><System><Provider Name="IIS AspNetCore Module V2"/><EventID>1032</EventID><Level>4</Level><Task>0</Task><Keywords>Keywords</Keywords><TimeCreated SystemTime="2025-11-14T02:03:43Z"/><EventRecordID>88975546</EventRecordID><Channel>Application</Channel><Computer>10-30-12-110</Computer><Security/></System><EventData><Data>Application 'C:\Program Files (x86)\SiteExtensions\Functions\4.1045.200\64bit\' started successfully.</Data><Data>Process Id: 3584.</Data><Data>File Version: 18.0.25301.22. Description: IIS ASP.NET Core Module V2 Request Handler. Commit: </Data></EventData></Event><Event><System><Provider Name="IIS AspNetCore Module V2"/><EventID>1033</EventID><Level>4</Level><Task>0</Task><Keywords>Keywords</Keywords><TimeCreated SystemTime="2025-11-14T02:06:39Z"/><EventRecordID>89151796</EventRecordID><Channel>Application</Channel><Computer>10-30-12-110</Computer><Security/></System><EventData><Data>Application 'MACHINE/WEBROOT/APPHOST/CLEANSHEET-FUNCTIONS' has shutdown.</Data><Data>Process Id: 3584.</Data><Data>File Version: 18.0.25301.22. Description: IIS ASP.NET Core Module V2 Request Handler. Commit: </Data></EventData></Event><Event><System><Provider Name="IIS AspNetCore Module V2"/><EventID>1032</EventID><Level>4</Level><Task>0</Task><Keywords>Keywords</Keywords><TimeCreated SystemTime="2025-11-14T02:06:55Z"/><EventRecordID>89167609</EventRecordID><Channel>Application</Channel><Computer>10-30-12-110</Computer><Security/></System><EventData><Data>Application 'C:\Program Files (x86)\SiteExtensions\Functions\4.1045.200\64bit\' started successfully.</Data><Data>Process Id: 4724.</Data><Data>File Version: 18.0.25301.22. Description: IIS ASP.NET Core Module V2 Request Handler. Commit: </Data></EventData></Event><Event><System><Provider Name="IIS AspNetCore Module V2"/><EventID>1005</EventID><Level>2</Level><Task>0</Task><Keywords>Keywords</Keywords><TimeCreated SystemTime="2025-11-14T02:07:05Z"/><EventRecordID>89177687</EventRecordID><Channel>Application</Channel><Computer>10-30-12-110</Computer><Security/></System><EventData><Data>Failed to gracefully shutdown application 'MACHINE/WEBROOT/APPHOST/CLEANSHEET-FUNCTIONS'.</Data><Data>Process Id: 4724.</Data><Data>File Version: 18.0.25301.22. Description: IIS ASP.NET Core Module V2 Request Handler. Commit: </Data></EventData></Event><Event><System><Provider Name="IIS AspNetCore Module V2"/><EventID>1032</EventID><Level>4</Level><Task>0</Task><Keywords>Keywords</Keywords><TimeCreated SystemTime="2025-11-14T02:07:29Z"/><EventRecordID>89201140</EventRecordID><Channel>Application</Channel><Computer>10-30-12-110</Computer><Security/></System><EventData><Data>Application 'C:\Program Files (x86)\SiteExtensions\Functions\4.1045.200\64bit\' started successfully.</Data><Data>Process Id: 432.</Data><Data>File Version: 18.0.25301.22. Description: IIS ASP.NET Core Module V2 Request Handler. Commit: </Data></EventData></Event><Event><System><Provider Name="IIS AspNetCore Module V2"/><EventID>1033</EventID><Level>4</Level><Task>0</Task><Keywords>Keywords</Keywords><TimeCreated SystemTime="2025-11-14T02:17:46Z"/><EventRecordID>89818203</EventRecordID><Channel>Application</Channel><Computer>10-30-12-110</Computer><Security/></System><EventData><Data>Application 'MACHINE/WEBROOT/APPHOST/CLEANSHEET-FUNCTIONS' has shutdown.</Data><Data>Process Id: 432.</Data><Data>File Version: 18.0.25301.22. Description: IIS ASP.NET Core Module V2 Request Handler. Commit: </Data></EventData></Event><Event><System><Provider Name="IIS AspNetCore Module V2"/><EventID>1032</EventID><Level>4</Level><Task>0</Task><Keywords>Keywords</Keywords><TimeCreated SystemTime="2025-11-14T02:19:08Z"/><EventRecordID>89900125</EventRecordID><Channel>Application</Channel><Computer>10-30-12-110</Computer><Security/></System><EventData><Data>Application 'C:\Program Files (x86)\SiteExtensions\Functions\4.1045.200\64bit\' started successfully.</Data><Data>Process Id: 4000.</Data><Data>File Version: 18.0.25301.22. Description: IIS ASP.NET Core Module V2 Request Handler. Commit: </Data></EventData></Event><Event><System><Provider Name="ZipFS"/><EventID>0</EventID><Level>1</Level><Task>0</Task><Keywords>Keywords</Keywords><TimeCreated SystemTime="2025-11-14T02:30:02Z"/><EventRecordID>90554250</EventRecordID><Channel>Application</Channel><Computer>10-30-12-110</Computer><Security/></System><EventData><Data>Site is using stale zip. Refresh Zip initiating a recycle of the worker process.</Data></EventData></Event><Event><System><Provider Name="IIS AspNetCore Module V2"/><EventID>1033</EventID><Level>4</Level><Task>0</Task><Keywords>Keywords</Keywords><TimeCreated SystemTime="2025-11-14T02:30:05Z"/><EventRecordID>90557234</EventRecordID><Channel>Application</Channel><Computer>10-30-12-110</Computer><Security/></System><EventData><Data>Application 'MACHINE/WEBROOT/APPHOST/CLEANSHEET-FUNCTIONS' has shutdown.</Data><Data>Process Id: 4000.</Data><Data>File Version: 18.0.25301.22. Description: IIS ASP.NET Core Module V2 Request Handler. Commit: </Data></EventData></Event><Event><System><Provider Name="ZipFS"/><EventID>0</EventID><Level>1</Level><Task>0</Task><Keywords>Keywords</Keywords><TimeCreated SystemTime="2025-11-14T02:30:08Z"/><EventRecordID>90560578</EventRecordID><Channel>Application</Channel><Computer>10-30-12-110</Computer><Security/></System><EventData><Data>Site is using stale zip. Refresh Zip initiating a recycle of the worker process.</Data></EventData></Event><Event><System><Provider Name="IIS AspNetCore Module V2"/><EventID>1032</EventID><Level>4</Level><Task>0</Task><Keywords>Keywords</Keywords><TimeCreated SystemTime="2025-11-14T11:00:11Z"/><EventRecordID>50125875</EventRecordID><Channel>Application</Channel><Computer>10-30-10-60</Computer><Security/></System><EventData><Data>Application 'C:\Program Files (x86)\SiteExtensions\Functions\4.1045.200\64bit\' started successfully.</Data><Data>Process Id: 8172.</Data><Data>File Version: 18.0.25301.22. Description: IIS ASP.NET Core Module V2 Request Handler. Commit: </Data></EventData></Event><Event><System><Provider Name="IIS AspNetCore Module V2"/><EventID>1005</EventID><Level>2</Level><Task>0</Task><Keywords>Keywords</Keywords><TimeCreated SystemTime="2025-11-14T11:00:21Z"/><EventRecordID>50135984</EventRecordID><Channel>Application</Channel><Computer>10-30-10-60</Computer><Security/></System><EventData><Data>Failed to gracefully shutdown application 'MACHINE/WEBROOT/APPHOST/CLEANSHEET-FUNCTIONS'.</Data><Data>Process Id: 8172.</Data><Data>File Version: 18.0.25301.22. Description: IIS ASP.NET Core Module V2 Request Handler. Commit: </Data></EventData></Event><Event><System><Provider Name="IIS AspNetCore Module V2"/><EventID>1032</EventID><Level>4</Level><Task>0</Task><Keywords>Keywords</Keywords><TimeCreated SystemTime="2025-11-14T11:01:17Z"/><EventRecordID>50191781</EventRecordID><Channel>Application</Channel><Computer>10-30-10-60</Computer><Security/></System><EventData><Data>Application 'C:\Program Files (x86)\SiteExtensions\Functions\4.1045.200\64bit\' started successfully.</Data><Data>Process Id: 5280.</Data><Data>File Version: 18.0.25301.22. Description: IIS ASP.NET Core Module V2 Request Handler. Commit: </Data></EventData></Event><Event><System><Provider Name="IIS AspNetCore Module V2"/><EventID>1005</EventID><Level>2</Level><Task>0</Task><Keywords>Keywords</Keywords><TimeCreated SystemTime="2025-11-14T11:01:27Z"/><EventRecordID>50201890</EventRecordID><Channel>Application</Channel><Computer>10-30-10-60</Computer><Security/></System><EventData><Data>Failed to gracefully shutdown application 'MACHINE/WEBROOT/APPHOST/CLEANSHEET-FUNCTIONS'.</Data><Data>Process Id: 5280.</Data><Data>File Version: 18.0.25301.22. Description: IIS ASP.NET Core Module V2 Request Handler. Commit: </Data></EventData></Event><Event><System><Provider Name="IIS AspNetCore Module V2"/><EventID>1032</EventID><Level>4</Level><Task>0</Task><Keywords>Keywords</Keywords><TimeCreated SystemTime="2025-11-14T11:02:57Z"/><EventRecordID>50291718</EventRecordID><Channel>Application</Channel><Computer>10-30-10-60</Computer><Security/></System><EventData><Data>Application 'C:\Program Files (x86)\SiteExtensions\Functions\4.1045.200\64bit\' started successfully.</Data><Data>Process Id: 2436.</Data><Data>File Version: 18.0.25301.22. Description: IIS ASP.NET Core Module V2 Request Handler. Commit: </Data></EventData></Event><Event><System><Provider Name="IIS AspNetCore Module V2"/><EventID>1033</EventID><Level>4</Level><Task>0</Task><Keywords>Keywords</Keywords><TimeCreated SystemTime="2025-11-14T11:08:47Z"/><EventRecordID>50642171</EventRecordID><Channel>Application</Channel><Computer>10-30-10-60</Computer><Security/></System><EventData><Data>Application 'MACHINE/WEBROOT/APPHOST/CLEANSHEET-FUNCTIONS' has shutdown.</Data><Data>Process Id: 2436.</Data><Data>File Version: 18.0.25301.22. Description: IIS ASP.NET Core Module V2 Request Handler. Commit: </Data></EventData></Event><Event><System><Provider Name="IIS AspNetCore Module V2"/><EventID>1032</EventID><Level>4</Level><Task>0</Task><Keywords>Keywords</Keywords><TimeCreated SystemTime="2025-11-14T11:09:33Z"/><EventRecordID>50687890</EventRecordID><Channel>Application</Channel><Computer>10-30-10-60</Computer><Security/></System><EventData><Data>Application 'C:\Program Files (x86)\SiteExtensions\Functions\4.1045.200\64bit\' started successfully.</Data><Data>Process Id: 1820.</Data><Data>File Version: 18.0.25301.22. Description: IIS ASP.NET Core Module V2 Request Handler. Commit: </Data></EventData></Event></Events>